{
  "engineVersion": "5.2.12",
  "compilerVersion": "5.2.12",
  "template": {},
  "target": {
    "current": "web"
  },
  "modules": [
    {
      "name": "egret"
    },
    {
      "name": "eui"
    },
    {
      "name": "assetsmanager"
    },
    {
      "name": "tween"
    },
    {
      "name": "game"
    },
    {
      "name": "promise"
    },
    {
      "name": "weixinapi",
      "path": "../libsrc"
    },
    {
      "name": "md5",
      "path": "../md5"
    }
  ]
}