{
	"groups": [
		{
			"keys": "checkbox_select_disabled_png,checkbox_select_down_png,checkbox_select_up_png,checkbox_unselect_png,selected_png,border_png,header_png,radiobutton_select_disabled_png,radiobutton_select_down_png,radiobutton_select_up_png,radiobutton_unselect_png,roundthumb_png,thumb_png,track_png,tracklight_png,handle_png,off_png,on_png,button_down_png,button_up_png,thumb_pb_png,track_pb_png,track_sb_png,description_json,mmm_dating_Art-word_01_png,mmm_dating_Art-word_02_png,mmm_dating_Backplane_01_png,mmm_dating_Backplane_02_png,mmm_dating_Backplane_03_png,mmm_dating_Backplane_04_png,mmm_dating_Backplane_05_png,mmm_dating_button_01_png,mmm_dating_button_02_03_png,mmm_dating_button_03_png,mmm_dating_button_04_png,mmm_dating_button_05_png,mmm_dating_header_01_png,mmm_dating_header_02_png,mmm_dating_icon_01_png,mmm_dating_icon_02_png,mmm_dating_icon_03_png,mmm_dating_picture_01_png,mmm_dating_picture_02_png,mmm_dating_picture_03_png,mmm_dating_picture_04_png,mmm_dating_picture_05_png,mmm_dating_picture_06_png,mmm_dating_Segmenting line_01_png,lunbo_2_png,lunbo_1_png,mmm_dating_Art-word_03_png,mmm_dating_Backplane_08_png,mmm_dating_Backplane_06_png,mmm_dating_Backplane_07_png,mmm_dating_frame_04_png,mmm_youxi_Art-word_03_png,mmm_youxi_background_01_png,mmm_youxi_Backplane_01_png,mmm_youxi_Backplane_03_png,mmm_youxi_Backplane_04_png,mmm_youxi_button_01_png,mmm_youxi_button_02_png,mmm_youxi_button_03_png,mmm_youxi_button_04_png,mmm_youxi_header_01_png,mmm_youxi_icon_01_png,mmm_youxi_icon_02_png,mmm_youxi_picture_02_png,mmm_youxi_picture_03_png,mmm_youxi_picture_04_png,mmm_youxi_picture_05_png,mmm_youxi_picture_06_png,mmm_youxi_Special effect_01_png,mmm_youxi_Special effect_02_png,mmm_youxi_Special effect_03_png,rouge_png,rouge1_png,guozhi_png,guan3_png,guan2_png,guan4_png,guan5_png,chenggong_png,tiyanjieshu_png,loading_mp3,daojishi_mp3,begin_mp3,success_mp3,shibai_mp3,bg_mp3,anniu_mp3,ddgggg_03_png,dfefe_03_png,mmm_chongzhi_button_01_03_png,mmm_chongzhi_button_02_png,mmm_chongzhi_Floor_01_03_png,mmm_chongzhi_picture_01_png,mmm_chongzhi_picture_03_png,mmm_chongzhi_picture_07_png,mmm_chongzhi_picture_19_png,logo_png,main_img_png,dian_png,bg_png,pifu1_png,pifu2_png,pifu3_png,pifu4_png,pifu5_png,pifu6_png,pifu7_png,kouhong1_png,kouhong2_png,kouhong3_png,lipin1_png,lipin2_png,lipin3_png,lipin4_png,mmm_dating_bar_01_png,mmm_dating_button_07_png,mmm_dating_frame_01_png,toast-bg_png,lodImg_png,mmm_dating_Art-word_04_03_png",
			"name": "preload"
		}
	],
	"resources": [
		{
			"url": "assets/CheckBox/checkbox_select_disabled.png",
			"type": "image",
			"name": "checkbox_select_disabled_png"
		},
		{
			"url": "assets/CheckBox/checkbox_select_down.png",
			"type": "image",
			"name": "checkbox_select_down_png"
		},
		{
			"url": "assets/CheckBox/checkbox_select_up.png",
			"type": "image",
			"name": "checkbox_select_up_png"
		},
		{
			"url": "assets/CheckBox/checkbox_unselect.png",
			"type": "image",
			"name": "checkbox_unselect_png"
		},
		{
			"url": "assets/ItemRenderer/selected.png",
			"type": "image",
			"name": "selected_png"
		},
		{
			"url": "assets/Panel/border.png",
			"type": "image",
			"name": "border_png"
		},
		{
			"url": "assets/Panel/header.png",
			"type": "image",
			"name": "header_png"
		},
		{
			"url": "assets/RadioButton/radiobutton_select_disabled.png",
			"type": "image",
			"name": "radiobutton_select_disabled_png"
		},
		{
			"url": "assets/RadioButton/radiobutton_select_down.png",
			"type": "image",
			"name": "radiobutton_select_down_png"
		},
		{
			"url": "assets/RadioButton/radiobutton_select_up.png",
			"type": "image",
			"name": "radiobutton_select_up_png"
		},
		{
			"url": "assets/RadioButton/radiobutton_unselect.png",
			"type": "image",
			"name": "radiobutton_unselect_png"
		},
		{
			"url": "assets/ScrollBar/roundthumb.png",
			"type": "image",
			"name": "roundthumb_png"
		},
		{
			"url": "assets/Slider/thumb.png",
			"type": "image",
			"name": "thumb_png"
		},
		{
			"url": "assets/Slider/track.png",
			"type": "image",
			"name": "track_png"
		},
		{
			"url": "assets/Slider/tracklight.png",
			"type": "image",
			"name": "tracklight_png"
		},
		{
			"url": "assets/ToggleSwitch/handle.png",
			"type": "image",
			"name": "handle_png"
		},
		{
			"url": "assets/ToggleSwitch/off.png",
			"type": "image",
			"name": "off_png"
		},
		{
			"url": "assets/ToggleSwitch/on.png",
			"type": "image",
			"name": "on_png"
		},
		{
			"url": "assets/Button/button_down.png",
			"type": "image",
			"name": "button_down_png"
		},
		{
			"url": "assets/Button/button_up.png",
			"type": "image",
			"name": "button_up_png"
		},
		{
			"url": "assets/ProgressBar/thumb_pb.png",
			"type": "image",
			"name": "thumb_pb_png"
		},
		{
			"url": "assets/ProgressBar/track_pb.png",
			"type": "image",
			"name": "track_pb_png"
		},
		{
			"url": "assets/ScrollBar/track_sb.png",
			"type": "image",
			"name": "track_sb_png"
		},
		{
			"url": "config/description.json",
			"type": "json",
			"name": "description_json"
		},
		{
			"url": "assets/dating/mmm_dating_Art-word_01.png",
			"type": "image",
			"name": "mmm_dating_Art-word_01_png"
		},
		{
			"url": "assets/dating/mmm_dating_Art-word_02.png",
			"type": "image",
			"name": "mmm_dating_Art-word_02_png"
		},
		{
			"url": "assets/dating/mmm_dating_Backplane_01.png",
			"type": "image",
			"name": "mmm_dating_Backplane_01_png"
		},
		{
			"url": "assets/dating/mmm_dating_Backplane_02.png",
			"type": "image",
			"name": "mmm_dating_Backplane_02_png"
		},
		{
			"url": "assets/dating/mmm_dating_Backplane_03.png",
			"type": "image",
			"name": "mmm_dating_Backplane_03_png"
		},
		{
			"url": "assets/dating/mmm_dating_Backplane_04.png",
			"type": "image",
			"name": "mmm_dating_Backplane_04_png"
		},
		{
			"url": "assets/dating/mmm_dating_Backplane_05.png",
			"type": "image",
			"name": "mmm_dating_Backplane_05_png"
		},
		{
			"url": "assets/dating/mmm_dating_button_01.png",
			"type": "image",
			"name": "mmm_dating_button_01_png"
		},
		{
			"url": "assets/dating/mmm_dating_button_02_03.png",
			"type": "image",
			"name": "mmm_dating_button_02_03_png"
		},
		{
			"url": "assets/dating/mmm_dating_button_03.png",
			"type": "image",
			"name": "mmm_dating_button_03_png"
		},
		{
			"url": "assets/dating/mmm_dating_button_04.png",
			"type": "image",
			"name": "mmm_dating_button_04_png"
		},
		{
			"url": "assets/dating/mmm_dating_button_05.png",
			"type": "image",
			"name": "mmm_dating_button_05_png"
		},
		{
			"url": "assets/dating/mmm_dating_header_01.png",
			"type": "image",
			"name": "mmm_dating_header_01_png"
		},
		{
			"url": "assets/dating/mmm_dating_header_02.png",
			"type": "image",
			"name": "mmm_dating_header_02_png"
		},
		{
			"url": "assets/dating/mmm_dating_icon_01.png",
			"type": "image",
			"name": "mmm_dating_icon_01_png"
		},
		{
			"url": "assets/dating/mmm_dating_icon_02.png",
			"type": "image",
			"name": "mmm_dating_icon_02_png"
		},
		{
			"url": "assets/dating/mmm_dating_icon_03.png",
			"type": "image",
			"name": "mmm_dating_icon_03_png"
		},
		{
			"url": "assets/dating/mmm_dating_picture_01.png",
			"type": "image",
			"name": "mmm_dating_picture_01_png"
		},
		{
			"url": "assets/dating/mmm_dating_picture_02.png",
			"type": "image",
			"name": "mmm_dating_picture_02_png"
		},
		{
			"url": "assets/dating/mmm_dating_picture_03.png",
			"type": "image",
			"name": "mmm_dating_picture_03_png"
		},
		{
			"url": "assets/dating/mmm_dating_picture_04.png",
			"type": "image",
			"name": "mmm_dating_picture_04_png"
		},
		{
			"url": "assets/dating/mmm_dating_picture_05.png",
			"type": "image",
			"name": "mmm_dating_picture_05_png"
		},
		{
			"url": "assets/dating/mmm_dating_picture_06.png",
			"type": "image",
			"name": "mmm_dating_picture_06_png"
		},
		{
			"url": "assets/dating/mmm_dating_Segmenting line_01.png",
			"type": "image",
			"name": "mmm_dating_Segmenting line_01_png"
		},
		{
			"url": "assets/dating/lunbo_2.png",
			"type": "image",
			"name": "lunbo_2_png"
		},
		{
			"url": "assets/dating/lunbo_1.png",
			"type": "image",
			"name": "lunbo_1_png"
		},
		{
			"url": "assets/dating/mmm_dating_Art-word_03.png",
			"type": "image",
			"name": "mmm_dating_Art-word_03_png"
		},
		{
			"url": "assets/dating/mmm_dating_Backplane_08.png",
			"type": "image",
			"name": "mmm_dating_Backplane_08_png"
		},
		{
			"url": "assets/dating/mmm_dating_Backplane_06.png",
			"type": "image",
			"name": "mmm_dating_Backplane_06_png"
		},
		{
			"url": "assets/dating/mmm_dating_Backplane_07.png",
			"type": "image",
			"name": "mmm_dating_Backplane_07_png"
		},
		{
			"url": "assets/game/mmm_dating_frame_04.png",
			"type": "image",
			"name": "mmm_dating_frame_04_png"
		},
		{
			"url": "assets/game/mmm_youxi_Art-word_03.png",
			"type": "image",
			"name": "mmm_youxi_Art-word_03_png"
		},
		{
			"url": "assets/game/mmm_youxi_background_01.png",
			"type": "image",
			"name": "mmm_youxi_background_01_png"
		},
		{
			"url": "assets/game/mmm_youxi_Backplane_01.png",
			"type": "image",
			"name": "mmm_youxi_Backplane_01_png"
		},
		{
			"url": "assets/game/mmm_youxi_Backplane_03.png",
			"type": "image",
			"name": "mmm_youxi_Backplane_03_png"
		},
		{
			"url": "assets/game/mmm_youxi_Backplane_04.png",
			"type": "image",
			"name": "mmm_youxi_Backplane_04_png"
		},
		{
			"url": "assets/game/mmm_youxi_button_01.png",
			"type": "image",
			"name": "mmm_youxi_button_01_png"
		},
		{
			"url": "assets/game/mmm_youxi_button_02.png",
			"type": "image",
			"name": "mmm_youxi_button_02_png"
		},
		{
			"url": "assets/game/mmm_youxi_button_03.png",
			"type": "image",
			"name": "mmm_youxi_button_03_png"
		},
		{
			"url": "assets/game/mmm_youxi_button_04.png",
			"type": "image",
			"name": "mmm_youxi_button_04_png"
		},
		{
			"url": "assets/game/mmm_youxi_header_01.png",
			"type": "image",
			"name": "mmm_youxi_header_01_png"
		},
		{
			"url": "assets/game/mmm_youxi_icon_01.png",
			"type": "image",
			"name": "mmm_youxi_icon_01_png"
		},
		{
			"url": "assets/game/mmm_youxi_icon_02.png",
			"type": "image",
			"name": "mmm_youxi_icon_02_png"
		},
		{
			"url": "assets/game/mmm_youxi_picture_02.png",
			"type": "image",
			"name": "mmm_youxi_picture_02_png"
		},
		{
			"url": "assets/game/mmm_youxi_picture_03.png",
			"type": "image",
			"name": "mmm_youxi_picture_03_png"
		},
		{
			"url": "assets/game/mmm_youxi_picture_04.png",
			"type": "image",
			"name": "mmm_youxi_picture_04_png"
		},
		{
			"url": "assets/game/mmm_youxi_picture_05.png",
			"type": "image",
			"name": "mmm_youxi_picture_05_png"
		},
		{
			"url": "assets/game/mmm_youxi_picture_06.png",
			"type": "image",
			"name": "mmm_youxi_picture_06_png"
		},
		{
			"url": "assets/game/mmm_youxi_Special effect_01.png",
			"type": "image",
			"name": "mmm_youxi_Special effect_01_png"
		},
		{
			"url": "assets/game/mmm_youxi_Special effect_02.png",
			"type": "image",
			"name": "mmm_youxi_Special effect_02_png"
		},
		{
			"url": "assets/game/mmm_youxi_Special effect_03.png",
			"type": "image",
			"name": "mmm_youxi_Special effect_03_png"
		},
		{
			"url": "assets/game/rouge.png",
			"type": "image",
			"name": "rouge_png"
		},
		{
			"name": "rouge1_png",
			"type": "image",
			"url": "assets/game/rouge1.png"
		},
		{
			"name": "guozhi_png",
			"type": "image",
			"url": "assets/game/guozhi.png"
		},
		{
			"name": "guan3_png",
			"type": "image",
			"url": "assets/game/guan3.png"
		},
		{
			"name": "guan2_png",
			"type": "image",
			"url": "assets/game/guan2.png"
		},
		{
			"name": "guan4_png",
			"type": "image",
			"url": "assets/game/guan4.png"
		},
		{
			"name": "guan5_png",
			"type": "image",
			"url": "assets/game/guan5.png"
		},
		{
			"name": "chenggong_png",
			"type": "image",
			"url": "assets/game/chenggong.png"
		},
		{
			"name": "tiyanjieshu_png",
			"type": "image",
			"url": "assets/game/tiyanjieshu.png"
		},
		{
			"name": "loading_mp3",
			"type": "sound",
			"url": "assets/music/loading.mp3"
		},
		{
			"name": "daojishi_mp3",
			"type": "sound",
			"url": "assets/music/daojishi.mp3"
		},
		{
			"name": "begin_mp3",
			"type": "sound",
			"url": "assets/music/begin.mp3"
		},
		{
			"name": "success_mp3",
			"type": "sound",
			"url": "assets/music/success.mp3"
		},
		{
			"name": "shibai_mp3",
			"type": "sound",
			"url": "assets/music/shibai.mp3"
		},
		{
			"name": "bg_mp3",
			"type": "sound",
			"url": "assets/music/bg.mp3"
		},
		{
			"name": "anniu_mp3",
			"type": "sound",
			"url": "assets/music/anniu.mp3"
		},
		{
			"name": "ddgggg_03_png",
			"type": "image",
			"url": "assets/chongzhi/ddgggg_03.png"
		},
		{
			"name": "dfefe_03_png",
			"type": "image",
			"url": "assets/chongzhi/dfefe_03.png"
		},
		{
			"name": "mmm_chongzhi_button_01_03_png",
			"type": "image",
			"url": "assets/chongzhi/mmm_chongzhi_button_01_03.png"
		},
		{
			"name": "mmm_chongzhi_button_02_png",
			"type": "image",
			"url": "assets/chongzhi/mmm_chongzhi_button_02.png"
		},
		{
			"name": "mmm_chongzhi_Floor_01_03_png",
			"type": "image",
			"url": "assets/chongzhi/mmm_chongzhi_Floor_01_03.png"
		},
		{
			"name": "mmm_chongzhi_picture_01_png",
			"type": "image",
			"url": "assets/chongzhi/mmm_chongzhi_picture_01.png"
		},
		{
			"name": "mmm_chongzhi_picture_03_png",
			"type": "image",
			"url": "assets/chongzhi/mmm_chongzhi_picture_03.png"
		},
		{
			"name": "mmm_chongzhi_picture_07_png",
			"type": "image",
			"url": "assets/chongzhi/mmm_chongzhi_picture_07.png"
		},
		{
			"name": "mmm_chongzhi_picture_19_png",
			"type": "image",
			"url": "assets/chongzhi/mmm_chongzhi_picture_19.png"
		},
		{
			"name": "logo_png",
			"type": "image",
			"url": "assets/loading/logo.png"
		},
		{
			"name": "main_img_png",
			"type": "image",
			"url": "assets/loading/main_img.png"
		},
		{
			"name": "dian_png",
			"type": "image",
			"url": "assets/loading/dian.png"
		},
		{
			"name": "bg_png",
			"type": "image",
			"url": "assets/loading/bg.png"
		},
		{
			"name": "pifu1_png",
			"type": "image",
			"url": "assets/chongzhi/pifu1.png"
		},
		{
			"name": "pifu2_png",
			"type": "image",
			"url": "assets/chongzhi/pifu2.png"
		},
		{
			"name": "pifu3_png",
			"type": "image",
			"url": "assets/chongzhi/pifu3.png"
		},
		{
			"name": "pifu4_png",
			"type": "image",
			"url": "assets/chongzhi/pifu4.png"
		},
		{
			"name": "pifu5_png",
			"type": "image",
			"url": "assets/chongzhi/pifu5.png"
		},
		{
			"name": "pifu6_png",
			"type": "image",
			"url": "assets/chongzhi/pifu6.png"
		},
		{
			"name": "pifu7_png",
			"type": "image",
			"url": "assets/chongzhi/pifu7.png"
		},
		{
			"name": "kouhong1_png",
			"type": "image",
			"url": "assets/chongzhi/kouhong1.png"
		},
		{
			"name": "kouhong2_png",
			"type": "image",
			"url": "assets/chongzhi/kouhong2.png"
		},
		{
			"name": "kouhong3_png",
			"type": "image",
			"url": "assets/chongzhi/kouhong3.png"
		},
		{
			"name": "lipin1_png",
			"type": "image",
			"url": "assets/chongzhi/lipin1.png"
		},
		{
			"name": "lipin2_png",
			"type": "image",
			"url": "assets/chongzhi/lipin2.png"
		},
		{
			"name": "lipin3_png",
			"type": "image",
			"url": "assets/chongzhi/lipin3.png"
		},
		{
			"name": "lipin4_png",
			"type": "image",
			"url": "assets/chongzhi/lipin4.png"
		},
		{
			"name": "mmm_dating_bar_01_png",
			"type": "image",
			"url": "assets/dating/mmm_dating_bar_01.png"
		},
		{
			"name": "mmm_dating_button_07_png",
			"type": "image",
			"url": "assets/dating/mmm_dating_button_07.png"
		},
		{
			"name": "mmm_dating_frame_01_png",
			"type": "image",
			"url": "assets/dating/mmm_dating_frame_01.png"
		},
		{
			"name": "toast-bg_png",
			"type": "image",
			"url": "assets/dating/toast-bg.png"
		},
		{
			"name": "lodImg_png",
			"type": "image",
			"url": "assets/loading/lodImg.png"
		},
		{
			"name": "mmm_dating_Art-word_04_03_png",
			"type": "image",
			"url": "assets/dating/mmm_dating_Art-word_04_03.png"
		}
	]
}